One-letter code, Three-letter code, Name, Chou-Fasman code for helix propensity, Chou-Fasman code for sheet propensity, Chou-Fasman helix propensity values, Chou-Fasman sheet propensity values, Amino acid molecular weight, pKa value for free amino acid carboxylate, pKa value for free amino acid amine, pKa value for amino acid side chain , Number of carbon atoms in amino acid, Number of hydrogen atoms in amino acid zwitterion , Number of nitrogen atoms in amino acid, Number of oxygen atoms in amino acid, Number of sulfur atoms in amino acid,total atoms, Area in the standard state (standard state accessibility is defined as the average surface area that residue has in a ensemble  of Gly-X-Gly tripeptides), Average accessible area in proteins, Average are buried upon transfer from the standard state to the folded protein., Mean fractional area loss, equal to the average area buried normalized by the standard state area, Residue mass, Monoisotopic Mass
A,  ALA ,  Alanine       ,  H,  I   ,1.45  ,0.97   ,89.09  ,2.3 ,9.9   ,    ,3,,1,2,,6,118.1,31.5 ,86.6 ,0.74,71.08 ,71.03711,
C,  CYS ,  Cysteine      ,  i,  h   ,0.77  ,1.30   ,121.16 ,1.8 ,10.8  ,8.65,3,7 ,1,2,1,7,146.1,13.9 ,132.3,0.91,103.14,103.00919,
D,  ASP ,  Aspartic Acid ,  i,  i   ,0.98  ,0.80   ,133.10 ,2.0 ,10.0  ,4.04,4,7 ,1,4, ,9,158.7,60.9 ,97.8 ,0.62,115.09,115.02694,
E,  GLU ,  Glutamic Acid ,  H,  B   ,1.53  ,0.26   ,147.13 ,2.2 ,9.7   ,4.39,5,9 ,1,4, ,10,186.2,72.3 ,113.9,0.62,129.12,129.04259,
F,  PHE ,  Phenylalanine ,  h,  h   ,1.12  ,1.28   ,165.19 ,1.8 ,9.1   ,    ,9,11,1,2, ,23,222.8,28.7 ,194.1,0.88,147.18,147.06841,
G,  GLY ,  Glycine       ,  B,  i   ,0.53  ,0.81   ,75.07  ,2.4 ,9.8   ,    ,2,5 ,1,2, ,5,88.1 ,25.2 ,62.9 ,0.72,57.05 ,57.02146,
H,  HIS ,  Histidine     ,  h,  b   ,1.24  ,0.71   ,155.16 ,1.8 ,9.2   ,6.75,6,9 ,3,2, ,11,202.5,46.7 ,155.8,0.78,137.14,137.05891,
I,  ILE ,  Isoleucine    ,  I,  H   ,1.00  ,1.60   ,131.17 ,2.4 ,9.7   ,    ,6,13,1,2, ,22,181  ,23   ,158  ,0.88,113.16,113.08406,
K,  LYS ,  Lysine        ,  I,  b   ,1.07  ,0.74   ,146.19 ,2.2 ,9.2   ,11,6,14,2,2, ,24,225.8,110.3,115.5,0.52,128.17,128.09496,
L,  LEU ,  Leucine       ,  H,  h   ,1.34  ,1.22   ,131.17 ,2.4 ,9.60  ,    ,6,13,1,2, ,22,193.1,29   ,164.1,0.85,113.16,113.08406,
M,  MET ,  Methionine    ,  h,  H   ,1.20  ,1.67   ,149.21 ,2.3 ,9.2   ,    ,5,11,1,2,1,20,203.4,30.5 ,172.9,0.85,131.19,131.04049,
N,  ASN ,  Asparagine    ,  b,  b   ,0.73  ,0.65   ,132.12 ,2.0 ,8.8   ,    ,4,8 ,2,3, ,9,165.5,62.2 ,103.3,0.63,114.1,114.04293,
P,  PRO ,  Proline       ,  B,  b   ,0.59  ,0.62   ,115.13 ,2.0 ,10.6  ,    ,5,9 ,1,2, ,8,146.8,53.7 ,92.9 ,0.64,97.12 ,97.05276,
Q,  GLN ,  Glutamine     ,  h,  h   ,1.17  ,1.23   ,146.15 ,2.2 ,9.1   ,    ,5,10,2,3, ,20,193.2,74   ,119.2,0.62,128.13,128.05858,
R,  ARG ,  Arginine      ,  i,  i   ,0.79  ,0.90   ,174.20 ,1.8 ,9.0   ,12.5,6,14,4,2, ,26,256  ,93.8 ,162.2,0.64,156.19,156.10111,
S,  SER ,  Serine        ,  i,  b   ,0.79  ,0.72   ,105.09 ,2.1 ,9.2   ,    ,3,7 ,1,3, ,7,129.8,44.2 ,85.6 ,0.66,87.08 ,87.03203,
T,  THR ,  Threonine     ,  i,  h   ,0.82  ,1.20   ,119.12 ,2.6 ,10.4  ,    ,4,9 ,1,3, ,8,152.5,46   ,106.5,0.7,101.11,101.04768,
V,  VAL ,  Valine        ,  h,  H   ,1.14  ,1.65   ,117.15 ,2.3 ,9.6   ,    ,5,11,1,2, ,19,164.5,23.5 ,141  ,0.86,99.13 ,99.06841,
W,  TRP ,  Tryptophan    ,  h,  h   ,1.14  ,1.19   ,204.22 ,2.4 ,9.4   ,    ,11,12,2,2, ,27,266.3,41.7 ,224.6,0.85,186.21,186.07931,
Y,  TYR ,  Tyrosine      ,  b,  h   ,0.61  ,1.29   ,181.19 ,2.2,9.1   ,9.75,9,11,1,3, ,24,236.8,59.1 ,177.7,0.76,163.18,163.06333,
,,,,,,,,,,,,,,,,,,,,,,,
,,,,,,,,,,,,,,,,,,,,,,,
,,,,,,,,,,,,,,,average atoms per amino acid:,15.35,,,,,,,
,,,,,,,,,,,,,,,number of amino acids in ATP synthase,672,,,,,,,
,,,,,,,,,,,,,,,approximate number of atoms in ATP synthase,10315.2,,,,,,,
